OrderID,OrderDate,CustomerID,OrderTotal
1,2022-01-01,5,1815
2,2022-01-02,5,964
3,2022-01-04,2,2238
4,2022-01-06,1,737
5,2022-01-09,4,569
6,2022-01-09,4,1586
7,2022-01-09,4,210
8,2022-01-11,5,2424
9,2022-01-13,2,1982
10,2022-01-13,4,39
11,2022-01-15,5,1383
12,2022-01-19,1,1680
13,2022-01-20,3,3293
14,2022-01-21,1,773
15,2022-01-21,3,1093
16,2022-01-21,2,998
17,2022-01-23,3,912
18,2022-01-24,4,915
19,2022-01-27,2,1410
20,2022-02-01,2,1955
21,2022-02-05,5,74
22,2022-02-05,4,1744
23,2022-02-06,2,1776
24,2022-02-06,3,1829
25,2022-02-07,4,1113
26,2022-02-08,3,171
27,2022-02-09,3,1291
28,2022-02-11,4,2060
29,2022-02-11,5,1263
30,2022-02-12,1,2117
31,2022-02-13,2,1900
32,2022-02-16,5,2847
33,2022-02-17,3,2159
34,2022-02-18,2,1196
35,2022-02-21,5,1165
36,2022-02-25,4,1391
37,2022-02-25,2,1415
38,2022-02-26,1,685
39,2022-02-26,5,1094
40,2022-02-28,1,487
41,2022-02-28,5,240
42,2022-03-07,1,1351
43,2022-03-07,5,3518
44,2022-03-07,3,952
45,2022-03-08,3,2208
46,2022-03-09,5,648
47,2022-03-10,3,798
48,2022-03-12,4,655
49,2022-03-13,1,588
50,2022-03-14,4,180
